[{"code":"/**/","color":"#3F87FF","name":"Coded by ATPH","typeName":"","palette":"21","type":"h","spec":"This Blocks are Coded by AndroTricks PH"},{"code":"%s.setCancelable(%s);","color":"#3F87FF","name":"","typeName":"","palette":"21","type":" ","spec":"Set Dialog %m.dialog setCancelable %b"},{"code":"%s.setTranslationZ((int)%s);","color":"#3F87FF","name":"ATPHTranslationZ","typeName":"","palette":"21","type":" ","spec":"TranslationZ %m.view to %d"},{"code":"%s.setBackground(new android.graphics.drawable.GradientDrawable(){ public android.graphics.drawable.GradientDrawable getIns(int a, int b) { this.setCornerRadius(a); this.setColor(b); return this; } }.getIns((int)%s, %s));","color":"#3f87ff","name":"CornerRadius","typeName":"","palette":"21","type":" ","spec":"%m.view CornerRadius %d color %m.color"},{"code":"if (android.os.Build.VERSION.SDK_INT \u003e\u003d 21) {\n\n%s.getProgressDrawable();\ngetIns(int a) { this.setColor(a); return this; }.getIns((int)\"%s\"));\n\n}","color":"#3F87FF","name":"ProgressColor","typeName":"","palette":"21","type":" ","spec":"%m.progressbar ProgressColor %s.inputOnly"},{"code":"LayoutInflater inflater \u003d getLayoutInflater(); View toastLayout \u003d inflater.inflate(R.layout.%s, null);\n\nToast toast \u003d new Toast(getApplicationContext()); toast.setDuration(Toast.LENGTH_SHORT);\ntoast.setView(toastLayout);\ntoast.show();\n\n","color":"#3F87FF","name":"ToastImage","typeName":"","palette":"21","type":" ","spec":"ATPH Image Toast %s.inputOnly"},{"code":"LayoutInflater inflater \u003d getLayoutInflater(); View toastLayout \u003d inflater.inflate(R.layout.%s, null);\n\nLinearLayout linear1 \u003d (LinearLayout) toastLayout.findViewById(R.id.linear1);\n\nandroid.graphics.drawable.GradientDrawable gd \u003d new android.graphics.drawable.GradientDrawable();\ngd.setColor(Color.parseColor(\"%s\"));\ngd.setCornerRadius(%s);\nlinear1.setBackground(gd);\n\nToast toast \u003d new Toast(getApplicationContext()); toast.setDuration(Toast.LENGTH_SHORT);\ntoast.setView(toastLayout);\ntoast.show();\n\n","color":"#3F87FF","name":"","typeName":"","palette":"21","type":" ","spec":"SetLayout %s.inputOnly setColor %s.inputOnly set radius %d "},{"code":"LayoutInflater inflater \u003d getLayoutInflater(); View toastLayout \u003d inflater.inflate(R.layout.%s, null);\n\nLinearLayout linear1 \u003d (LinearLayout) toastLayout.findViewById(R.id.linear1);\n\nandroid.graphics.drawable.GradientDrawable gd \u003d new android.graphics.drawable.GradientDrawable();\ngd.setColor(Color.parseColor(\"%s\"));\ngd.setCornerRadius(%s);\nlinear1.setBackground(gd);\n\nToast toast \u003d new Toast(getApplicationContext()); toast.setDuration(Toast.LENGTH_SHORT);\ntoast.setGravity(Gravity.TOP|Gravity.CENTER_HORIZONTAL, 0, 0);\ntoast.setView(toastLayout);\ntoast.show();\n\n","color":"#3F87FF","name":"ToastTop","typeName":"","palette":"21","type":" ","spec":"TopToast %s.inputOnly setColor %s.inputOnly set radius %d "},{"code":"%s.setIcon(R.drawable.%s);","color":"#3F87FF","name":"DiagImage","typeName":"","palette":"21","type":" ","spec":"DiagIcon %s.inputOnly set Icon %s.inputOnly"},{"code":"NotificationManager nm \u003d (NotificationManager) getSystemService(Context.NOTIFICATION_SERVICE);\nif (Build.VERSION.SDK_INT \u003e\u003d Build.VERSION_CODES.O) {\nNotification.Builder mBuilder \u003d new Notification.Builder(getApplicationContext(), \"default\");\nmBuilder.setContentTitle(%1$s);\nmBuilder.setContentText(%2$s);\nmBuilder.setSmallIcon(R.drawable.%4$s);\nNotificationChannel mChannel \u003d new NotificationChannel(\"default\", \"Default Channel\", NotificationManager.IMPORTANCE_DEFAULT);\nnm.createNotificationChannel(mChannel);\nmBuilder.setChannelId(\"default\");\nif (false) {\nNotification notific \u003d new Notification.BigTextStyle(mBuilder).bigText(%2$s).build();\nnm.notify((int) %3$s, notific);\n}\nelse {\nnm.notify((int) %3$s, mBuilder.build());\n}\n}\nelse {\nNotification.Builder mBuilder \u003d new Notification.Builder(getApplicationContext());\nmBuilder.setContentTitle(%1$s);\nmBuilder.setContentText(%2$s);\nmBuilder.setSmallIcon(R.drawable.%4$s);\nif (false) {\nNotification notific \u003d new Notification.BigTextStyle(mBuilder).bigText(%2$s).build();\nnm.notify((int) %3$s, notific);\n}\nelse {\nnm.notify((int) %3$s, mBuilder.build());\n}\n}","color":"#00A66F","name":"Notification Builder","typeName":"","palette":"21","type":" ","spec":"Notification Builder Set Title %s Set Message %s set ID %d set Icon %m.resource"},{"code":"%s.setOnLongClickListener(new View.OnLongClickListener(){\n@Override\npublic boolean onLongClick(View p1){\n%s\nreturn true;\n}\n});\n","color":"#72479B","name":"When long clicked","typeName":"","palette":"21","type":"c","spec":"When %m.view Long Clicked"},{"code":"vidview \u003d new VideoView(this);\nvidview.setLayoutParams(new LinearLayout.LayoutParams(LinearLayout.LayoutParams.MATCH_PARENT, LinearLayout.LayoutParams.WRAP_CONTENT));\n%1$s.addView(vidview);\nmediaControls \u003d new MediaController(this); mediaControls.setAnchorView(vidview); \n\nString vidAddress \u003d %2$s;\n\nUri vidUri \u003d Uri.parse(vidAddress);\n\nvidview.setVideoURI(vidUri);\nvidview.start();\n","color":"#604362","name":"Video from URL","typeName":"","palette":"21","type":" ","spec":"Vid from URL set view %m.view set URL %s"},{"code":"}\nVideoView vidview;\nMediaController mediaControls;\n{","color":"#654E65","name":"VideofromURL block2","typeName":"","palette":"21","type":" ","spec":"VideofromURL block2"},{"code":"Glide\n.with(getApplicationContext())\n.load(%3$s)\n.asBitmap()\n.into(\n  new com.bumptech.glide.request.target.SimpleTarget\u003cBitmap\u003e((int)500,((int)500)) {\n    @Override public void onResourceReady(Bitmap resource, com.bumptech.glide.request.animation.GlideAnimation glideAnimation) {\n %1$s.setImageBitmap(getRoundedCornerBitmap(resource, ((int)%2$s)));\n\n  }\n});\n\n\n}\npublic static Bitmap getRoundedCornerBitmap(Bitmap bitmap, int pixels) {\nBitmap output \u003d Bitmap.createBitmap(bitmap.getWidth(), bitmap.getHeight(), Bitmap.Config.ARGB_8888);\nCanvas canvas \u003d new Canvas(output);\nfinal int color \u003d 0xff424242;\nfinal Paint paint \u003d new Paint();\nfinal Rect rect \u003d new Rect(0, 0, bitmap.getWidth(), bitmap.getHeight());\nfinal RectF rectF \u003d new RectF(rect);\nfinal float roundPx \u003d pixels;\npaint.setAntiAlias(true);\ncanvas.drawARGB(0, 0, 0, 0);\npaint.setColor(color);\ncanvas.drawRoundRect(rectF, roundPx, roundPx, paint); \npaint.setXfermode(new PorterDuffXfermode(PorterDuff.Mode.SRC_IN)); \ncanvas.drawBitmap(bitmap, rect, rect, paint);\nreturn output;","color":"#392A38","name":"ImagefromURL","typeName":"","palette":"21","type":" ","spec":"ImagefromURL %m.imageview set radius %d Set URL %s "},{"code":"ObjectAnimator anim \u003d new ObjectAnimator();\nanim.setTarget(%1$s);\nanim.setPropertyName(\"translationY\");\nanim.setFloatValues((float)%2$s);\nanim.setDuration((long)200);\nanim.setInterpolator(new android.view.animation.AccelerateDecelerateInterpolator());\nanim.start();","color":"#383838","name":"Animblock","typeName":"","palette":"21","type":" ","spec":"Anim %s.inputOnly possition %d "},{"code":"TextView %1$s \u003d (TextView)this.findViewById(R.id.%2$s); %1$s.setEllipsize(TextUtils.TruncateAt.MARQUEE); %1$s.setText(\"%3$s\"); %1$s.setSelected(true); %1$s.setSingleLine(true);","color":"#3F87FF","name":"running text","typeName":"","palette":"21","type":" ","spec":"Running Text setName %s.inputOnly setID %s.inputOnly setText %s.inputOnly "},{"code":"_drawer.setScrimColor(getResources().getColor(android.R.color.transparent));","color":"#3F87FF","name":"shadow drawer","typeName":"","palette":"21","type":" ","spec":"Remove Drawer Shadow"},{"code":"Glide.with(getApplicationContext())\n.load(%4$s)\n.asBitmap()\n.into(\n  new com.bumptech.glide.request.target.SimpleTarget\u003cBitmap\u003e((int)%3$s,((int)%3$s)) {\n    @Override public void onResourceReady(Bitmap resource, com.bumptech.glide.request.animation.GlideAnimation glideAnimation) {\n %1$s.setImageBitmap(getRoundedCornerBitmap(resource, ((int)%2$s)));\n  }\n});\n\n\n}\npublic static Bitmap getRoundedCornerBitmap(Bitmap bitmap, int pixels) {\nBitmap output \u003d Bitmap.createBitmap(bitmap.getWidth(), bitmap.getHeight(), Bitmap.Config.ARGB_8888);\nCanvas canvas \u003d new Canvas(output);\nfinal int color \u003d 0xff424242;\nfinal Paint paint \u003d new Paint();\nfinal Rect rect \u003d new Rect(0, 0, bitmap.getWidth(), bitmap.getHeight());\nfinal RectF rectF \u003d new RectF(rect);\nfinal float roundPx \u003d pixels;\npaint.setAntiAlias(true);\ncanvas.drawARGB(0, 0, 0, 0);\npaint.setColor(color);\ncanvas.drawRoundRect(rectF, roundPx, roundPx, paint); \npaint.setXfermode(new PorterDuffXfermode(PorterDuff.Mode.SRC_IN)); \ncanvas.drawBitmap(bitmap, rect, rect, paint);\nreturn output;","color":"#3F87FF","name":"Image from URL","typeName":"","palette":"21","type":" ","spec":"Glide ImagetoURL %m.imageview  setRadius %d setQuality %d setURL %s"},{"code":"Intent startMain \u003d new Intent(Intent.ACTION_MAIN); startMain.addCategory(Intent.CATEGORY_HOME); //startMain.setFlags(Intent.FLAG_ACTIVITY_EXCLUDE_FROM_RECENTS); \nstartActivity(startMain);\n\n int LAYOUT_FLAG;\nif (Build.VERSION.SDK_INT \u003e\u003d Build.VERSION_CODES.O) {\n    LAYOUT_FLAG \u003d WindowManager.LayoutParams.TYPE_APPLICATION_OVERLAY;\n} else {\n    LAYOUT_FLAG \u003d WindowManager.LayoutParams.TYPE_PHONE;\n}\n\nfinal WindowManager.LayoutParams params \u003d new WindowManager.LayoutParams(\n    WindowManager.LayoutParams.WRAP_CONTENT,\n    WindowManager.LayoutParams.WRAP_CONTENT,\n    LAYOUT_FLAG,\n      \n    WindowManager.LayoutParams.FLAG_NOT_TOUCH_MODAL \n     , \n\n    PixelFormat.TRANSPARENT);\n\n  final  WindowManager wm \u003d (WindowManager) getSystemService(WINDOW_SERVICE);\n    LayoutInflater inflater \u003d (LayoutInflater) getSystemService(LAYOUT_INFLATER_SERVICE);\n    //View myView \u003d inflater.inflate(R.layout.floating, null);\n\n\nfinal View myView \u003d (View) getLayoutInflater().inflate(R.layout.%1$s, null); \n\n\nLinearLayout %2$s \u003d (LinearLayout) myView.findViewById(R.id.%3$s);","color":"#828412","name":"Floating Window","typeName":"","palette":"21","type":" ","spec":"Create Floating Window setLayout %s.inputOnly setLinearName %s.inputOnly setID %s.inputOnly"},{"code":"Button %1$s \u003d (Button)myView.findViewById(R.id.%2$s);\n\n%1$s.setOnClickListener(new OnClickListener() { \n@Override \npublic void onClick(View v) { \n%3$s\n}});","color":"#828412","name":"Onclick Float","typeName":"","palette":"21","type":"c","spec":"Set onclick Listener setName %s.inputOnly setID %s.inputOnly"},{"code":"wm.removeView(myView);","color":"#828412","name":"exit","typeName":"","palette":"21","type":" ","spec":"Remove Floating window"},{"code":"LinearLayout %1$s \u003d (LinearLayout) myView.findViewById(R.id.%2$s);\n\n%1$s.setBackground(new android.graphics.drawable.GradientDrawable() { public android.graphics.drawable.GradientDrawable getIns(int a, int b) { this.setCornerRadius(a); this.setColor(b); return this; } }.getIns((int)%3$s,%4$s));\n\nwm.addView(myView, params);\n","color":"#828412","name":"Lastblock","typeName":"","palette":"21","type":" ","spec":"Ending Block setName %s.inputOnly setID %s.inputOnly setRadius %d setColor %m.color"},{"code":"LinearLayout %1$s \u003d (LinearLayout) myView.findViewById(R.id.%2$s);\n\n    %1$s.setOnTouchListener(new OnTouchListener() {\n       @Override\n       public boolean onTouch(View v, MotionEvent event) {\n\n float initialTouchX\u003d0;\n float initialTouchY\u003d0;\n\nswitch (event.getAction()) {\n           case MotionEvent.ACTION_DOWN:\n                 \n               //get the touch location\n               initialTouchX \u003dmyView.getX()- event.getRawX();\n               initialTouchY \u003d myView.getY()-event.getRawY();\n               return true;\n\n           case MotionEvent.ACTION_MOVE:\n               //Calculate the X and Y coordinates of the view.\n               params.x \u003d (int) (event.getRawX() + initialTouchX)- (myView.getWidth() / 2)+ 0;\n               params.y \u003d (int) (event.getRawY() + initialTouchY)- (myView.getHeight() / 2)+ 50;\n \n               //Update the layout with new X \u0026 Y coordinate\n               wm.updateViewLayout(myView, params);\n               return true;\n\n           case MotionEvent.ACTION_UP:\n\nreturn true;\n       }\n           return false;\n       }\n     });\n\n   //Specify the view position\n       params.gravity \u003d Gravity.TOP | Gravity.LEFT;        //Initially view will be added to top-left corner\n       params.x \u003d 0;\n       params.y \u003d 0;\n \n//params.width\u003d800;","color":"#828412","name":"DragLayout","typeName":"","palette":"21","type":" ","spec":"Set DragView setLinearName %s.inputOnly setID %s.inputOnly"},{"code":"%1$s %2$s \u003d (%1$s)myView.findViewById(R.id.%3$s);","color":"#828412","name":"ID Block","typeName":"","palette":"21","type":" ","spec":"SetType %s.inputOnly setName %s.inputOnly setID %s.inputOnly"},{"code":"if (android.os.Build.VERSION.SDK_INT \u003e\u003d 21) {\n\n%1$s.getIndeterminateDrawable().setColorFilter(Color.parseColor(%2$s), PorterDuff.Mode.SRC_IN);\n\n}","color":"#3F87FF","name":"color","typeName":"","palette":"21","type":" ","spec":"ProgressColor %m.progressbar setcolor %s"}]