[{"code":"/**/","color":"#FF1619","name":"ATPH BottomNavigation","typeName":"","palette":"22","type":"h","spec":"This Block is Created by AndroTricks PH"},{"code":"%1$s.setBackgroundColor(%2$s);\n%1$s.addView(btm);","color":"#FF2612","name":"AddView","typeName":"","palette":"22","type":" ","spec":"%m.view Add View BottomNav Set Color %m.color"},{"code":"Menu menu \u003d btm.getMenu();\n","color":"#FF2612","name":"Create Menu","typeName":"","palette":"22","type":" ","spec":"Create New Menu"},{"code":"final int  %s \u003d %s;","color":"#FF2612","name":"Create Item","typeName":"","palette":"22","type":" ","spec":"Create Item %s.inputOnly Set ID %d"},{"code":"menu.add(Menu.NONE, %s, Menu.NONE, %s).setIcon(R.drawable.%s);","color":"#FF2612","name":"Add item","typeName":"","palette":"22","type":" ","spec":"AddNew Item %s.inputOnly with text %s and icon %m.resource"},{"code":"btm.setOnNavigationItemSelectedListener(new  com.google.android.material.bottomnavigation.BottomNavigationView.OnNavigationItemSelectedListener() {  @Override public boolean onNavigationItemSelected(final MenuItem item) { switch (item.getItemId()){ \n %s \n } return true; } });\n","color":"#FF2612","name":"Onclick BottomNav","typeName":"","palette":"22","type":"c","spec":"Bottom Nav OnItem Selected "},{"code":"case %s :  \n%s \n break;","color":"#FF2612","name":"OnItem Click","typeName":"","palette":"22","type":"c","spec":"BottomNav item %s.inputOnly Action"},{"code":"com.google.android.material.bottomnavigation.BottomNavigationView  btm\u003d new com.google.android.material.bottomnavigation.BottomNavigationView (this); btm.setLayoutParams(new ViewGroup.LayoutParams( ViewGroup.LayoutParams.MATCH_PARENT, ViewGroup.LayoutParams.WRAP_CONTENT));\n","color":"#FF2612","name":"Create Bottom Nav","typeName":"","palette":"22","type":" ","spec":"Create Bottom Nav"}]