[{"code":"//*//","color":"#FF5B98","name":"Code by ATPH","typeName":"","palette":"24","type":"h","spec":"This Block is coded by ATPH"},{"code":"}\n\nprivate javax.crypto.SecretKey generateKey(String pwd) throws Exception {\n\nfinal java.security.MessageDigest digest \u003d java.security.MessageDigest.getInstance(\"SHA-256\");\n\nbyte[] b \u003d pwd.getBytes(\"UTF-8\");\n\ndigest.update(b,0,b.length);\n\nbyte[] key \u003d digest.digest();\n\njavax.crypto.spec.SecretKeySpec sec \u003d new javax.crypto.spec.SecretKeySpec(key, \"AES\");\n\nreturn sec;","color":"#FF5B98","name":"Base64 Lib","typeName":"","palette":"24","type":" ","spec":"Base64Lib"},{"code":"try {\njavax.crypto.spec.SecretKeySpec key \u003d (javax.crypto.spec.SecretKeySpec) generateKey(%s);\n\njavax.crypto.Cipher c \u003d javax.crypto.Cipher.getInstance(\"AES\");\nc.init(javax.crypto.Cipher.DECRYPT_MODE,key); \nbyte[] decode \u003d android.util.Base64.decode(%s,android.util.Base64.DEFAULT); \nbyte[] decval \u003d c.doFinal(decode);\n%s \u003d new String(decval); \n} catch (Exception ex) {\nshowMessage(String.valueOf(ex));\n}","color":"#FF5B98","name":"Decrypt","typeName":"","palette":"24","type":" ","spec":"Decrypt Key %s  Encrypted Text %s DecodeValue %s.inputOnly"},{"code":"try {\njavax.crypto.SecretKey key \u003d generateKey(%s); \njavax.crypto.Cipher c \u003d javax.crypto.Cipher.getInstance(\"AES\"); \nc.init(javax.crypto.Cipher.ENCRYPT_MODE, key); \nbyte[] encVal \u003d c.doFinal(%s.getBytes());\n%s \u003d android.util.Base64.encodeToString(encVal,android.util.Base64.DEFAULT);\n} catch (Exception ex) {\n\n}","color":"#FF5B98","name":"Encrypt","typeName":"","palette":"24","type":" ","spec":"Encrypt Key %s Text %s Encrypt String %s.inputOnly"}]