[{"code":"//*//","color":"#727272","name":"ATPH AutoInject","typeName":"","palette":"23","type":"h","spec":"ATPH AutoInject"},{"code":"}\nprivate class DownloadTask extends AsyncTask\u003cString, Integer, String\u003e {\n@Override\nprotected void onPreExecute() {\n%1$s\n}\nprotected String doInBackground(String... address) {\ntry {\nfilename\u003d URLUtil.guessFileName(address[0], null, null);\nint resCode \u003d -1;\njava.io.InputStream in \u003d null;\njava.net.URL url \u003d new java.net.URL(address[0]);\njava.net.URLConnection urlConn \u003d url.openConnection();\nif (!(urlConn instanceof java.net.HttpURLConnection)) {\nthrow new java.io.IOException(\"URL is not an Http URL\"); }\njava.net.HttpURLConnection httpConn \u003d (java.net.HttpURLConnection) urlConn; httpConn.setAllowUserInteraction(false); httpConn.setInstanceFollowRedirects(true); httpConn.setRequestMethod(\"GET\"); httpConn.connect();\nresCode \u003d httpConn.getResponseCode();\nif (resCode \u003d\u003d java.net.HttpURLConnection.HTTP_OK) {\nin \u003d httpConn.getInputStream();\nsize \u003d httpConn.getContentLength();\n\n} else { result \u003d \"There was an error\"; }","color":"#727272","name":"Autinject Preexecute","typeName":"","palette":"23","type":"c","spec":"1. Autinject PreExecute "},{"code":"/**/\n%s","color":"#727272","name":"1.a","typeName":"","palette":"23","type":"c","spec":"1.a Put your path below"},{"code":"java.io.File file \u003d new java.io.File(path);\n\njava.io.OutputStream output \u003d new java.io.FileOutputStream(file);\ntry {\nint bytesRead;\nsumCount \u003d 0;\nbyte[] buffer \u003d new byte[1024];\nwhile ((bytesRead \u003d in.read(buffer)) !\u003d -1) {\noutput.write(buffer, 0, bytesRead);\nsumCount +\u003d bytesRead;\nif (size \u003e 0) {\npublishProgress((int)Math.round(sumCount*100 / size));\n}\n}\n} finally {\noutput.close();\n}\nresult \u003d\"\";\nin.close();\n} catch (java.net.MalformedURLException e) {\nresult \u003d e.getMessage();\n} catch (java.io.IOException e) {\nresult \u003d e.getMessage();\n} catch (Exception e) {\nresult \u003d e.toString();\n}\nreturn result;\n\n}\nprotected void onProgressUpdate(Integer... values) \n{\n%1$s.setProgress(values[values.length - 1]);\n%2$s\n}","color":"#727272","name":"progress","typeName":"","palette":"23","type":"c","spec":"2. ProgressUpdater setProgress %m.progressbar"},{"code":"protected void onPostExecute(String s){\n\nshowMessage(s);\n%1$s\n}","color":"#727272","name":"end","typeName":"","palette":"23","type":"c","spec":"3. Unzip file below"},{"code":"new DownloadTask().execute(%1$s);","color":"#727272","name":"seturl","typeName":"","palette":"23","type":" ","spec":"Download Button setURL %s"}]