[{"code":"//ATPH//","color":"#12483C","name":"ATPH Custom Diag","typeName":"","palette":"25","type":"h","spec":"This block is coded by ATPH"},{"code":"final AlertDialog %1$s \u003d new AlertDialog.Builder(%2$s.this).create();\nView inflate \u003d getLayoutInflater().inflate(R.layout.%3$s, null);\n%1$s.setView(inflate);\n%1$s.getWindow().setBackgroundDrawableResource(android.R.color.transparent);","color":"#12483C","name":"Custom Dialog","typeName":"","palette":"25","type":" ","spec":"Custom Diag setDialog %m.dialog setActivity %m.activity setLayout %s.inputOnly  "},{"code":"%1$s.dismiss();","color":"#12483C","name":"Diag Dismiss","typeName":"","palette":"25","type":" ","spec":"Dismiss Dialog %m.dialog"},{"code":"%1$s.setBackground(new android.graphics.drawable.GradientDrawable() { public android.graphics.drawable.GradientDrawable getIns(int a, int b, int c) { this.setCornerRadius(a); this.setColor(b); this.setStroke(c, Color.parseColor(\"#ffffffff\")); return this; } }.getIns((int)%2$s, %3$s,0));\n\n","color":"#12483C","name":"Set DiagCorner","typeName":"","palette":"25","type":" ","spec":"Diag Round Corner setName %s.inputOnly setRadius %d setColor %m.color"},{"code":"final LinearLayout %1$s \u003d (LinearLayout)findViewById(R.id.%2$s);\n%1$s.setOnClickListener(new OnClickListener() { public void onClick(View view) {\n\n%3$s\n\n} });","color":"#12483C","name":"Onclick","typeName":"","palette":"25","type":"c","spec":"Click Listener for LinearLayout SetName %s.inputOnly  setID %s.inputOnly"},{"code":"final Button %1$s \u003d (Button)inflate.findViewById(R.id.%2$s);\n%1$s.setOnClickListener(new OnClickListener() { public void onClick(View view) {\n\n%3$s\n\n} });","color":"#12483C","name":"Onclick for button","typeName":"","palette":"25","type":"c","spec":"Click Listener for Button SetName %s.inputOnly  setID %s.inputOnly"},{"code":"final ImageView %1$s \u003d (ImageView)findViewById(R.id.%2$s);\n%1$s.setOnClickListener(new OnClickListener() { public void onClick(View view) {\n%3$s\n} });","color":"#12483C","name":"Click for image","typeName":"","palette":"25","type":"c","spec":"Click Listener for Imageview setName %s.inputOnly setID %s.inputOnly"},{"code":"%1$s.setCancelable(false);\n%1$s.show();","color":"#12483C","name":"Diagshow","typeName":"","palette":"25","type":" ","spec":"Dialog Show %m.dialog"},{"code":"%1$s.getWindow().clearFlags(WindowManager.LayoutParams.FLAG_DIM_BEHIND);","color":"#12483C","name":"removedim","typeName":"","palette":"25","type":" ","spec":"Remove Dim from setDiag %m.dialog"},{"code":"final %1$s %2$s \u003d (%1$s)findViewById(R.id.%3$s);","color":"#12483C","name":"ID Identifier","typeName":"","palette":"25","type":" ","spec":"ID Identifier w/ inflate setType %s.inputOnly setName %s.inputOnly setID %s.inputOnly"},{"code":"final %1$s %2$s \u003d (%1$s)findViewById(R.id.%3$s);","color":"#12483C","name":"ID Without inflate","typeName":"","palette":"25","type":" ","spec":"ID Identifier w/o inflate setType %s.inputOnly setName %s.inputOnly setID %s.inputOnly"},{"code":"%s.getBackground().setColorFilter(%s, PorterDuff.Mode.MULTIPLY);","color":"#12483C","name":"color filt","typeName":"","palette":"25","type":" ","spec":"Color Filter %s.inputOnly setColor %m.color "}]